,n_missing,p_missing
status,551,0.10495238095238095
created_at,537,0.10228571428571429
quantity,518,0.09866666666666667
amount,496,0.09447619047619048
user_id,0,0.0
order_id,0,0.0
